"timestamp_utc","url","training_area_m2","gym","occupancy"
"2026-10-07T16:41:30.763270","https://www.fitnesspark.ch/fitnessparks/zuerich-stadelhofen/ueber-den-park/",600,"Fitnesspark Zürich Stadelhofen",169
"2026-10-07T16:41:54.076099","https://www.fitnesspark.ch/fitnessparks/zug-eichstaette/ueber-den-park/",1341,"Fitnesspark Zug Eichstätte",206
"2026-10-07T16:42:01.529882","https://www.fitnesspark.ch/fitnessparks/greifensee-milandia/ueber-den-park/",734,"Fitnesspark Greifensee Milandia",83
"2026-10-07T16:42:09.070618","https://www.fitnesspark.ch/fitnessparks/regensdorf/ueber-den-park/",553,"Fitnesspark Regensdorf",112
"2026-10-07T16:42:16.652390","https://www.fitnesspark.ch/fitnessparks/winterthur/ueber-den-park/",1200,"Fitnesspark Winterthur",216
"2026-10-07T16:42:24.133166","https://www.fitnesspark.ch/fitnessparks/zuerich-glattpark/ueber-den-park/",930,"Fitnesspark Zürich Glattpark",228
"2026-10-07T16:42:31.608233","https://www.fitnesspark.ch/fitnessparks/puls-5-zuerich/ueber-den-park/",850,"Fitnesspark Zürich Puls 5",228
"2026-10-07T16:42:39.170016","https://www.fitnesspark.ch/fitnessparks/zuerich-sihlcity/ueber-den-park/",714,"Fitnesspark Zürich Sihlcity",102
"2026-10-07T16:42:49.934700","https://www.fitnesspark.ch/fitnessparks/zuerich-stockerhof/ueber-den-park/",708,"Fitnesspark Zürich Stockerhof",211
"2026-10-07T16:43:01.386696","https://www.fitnesspark.ch/fitnessparks/luzern-national/ueber-den-park/",863,"Fitnesspark Luzern National",204
"2026-10-07T16:43:09.108784","https://www.fitnesspark.ch/fitnessparks/luzern-allmend/ueber-den-park/",1091,"Fitnesspark Luzern Allmend",141
"2026-10-07T16:43:16.793993","https://www.fitnesspark.ch/fitnessparks/baden-trafo/ueber-den-park/",590,"Fitnesspark Baden Trafo",74
"2026-10-07T16:43:28.192650","https://www.fitnesspark.ch/fitnessparks/basel-heuwaage/ueber-den-park/","","Fitnesspark Basel Heuwaage",128
"2026-10-07T16:43:38.584333","https://www.fitnesspark.ch/fitnessparks/bern-city/ueber-den-park/",1200,"Fitnesspark Bern City",174
"2026-10-07T16:43:49.409335","https://www.fitnesspark.ch/fitnessparks/oberhofen-bern/ueber-den-park/",311,"Fitnesspark Oberhofen",89
"2026-10-07T16:44:00.404350","https://www.fitnesspark.ch/fitnessparks/ostermundigen-time-out/ueber-den-park/",642,"Fitnesspark Ostermundigen Time-Out",150
